audl_name,full_name,team,csv
Pannon M,Mike Pannone,Pittsburgh,"['mike pannone',"
Lally P,Paul Lally,Nashville,"paul lally',"
Bryant D,Bryant Dean,DC,"bryant dean',"
Baumer J,Jacob Baumer,Los Angeles,"jacob baumer',"
Leo P,Leo Pepper,DC,"leo pepper',"
Wynne R,Russell Wynne,San Jose,"russell wynne',"
Mott S,Sean Mott,Philadelphia,"sean mott',"
K Brown,Kevin Brown,Madison,"kevin brown',"
Glenn P,Glenn Poole,DC,"glenn poole',"
Mickle J,Jimmy Mickle,San Diego,"jimmy mickle',"
Haser N,Nick Haser,Pittsburgh,"nick haser',"
Carrol K,Kegan Carroll,Cincinnati,"kegan carroll',"
Lance N,Nick Lance,San Diego,"nick lance',"
Roca A,Andrew Roca,Jacksonville,"andrew roca',"
Matt K,Matt Kerrigan,DC,"matt kerrigan',"
Nord A,Alex Nord,San Francisco,"alex nord',"
Lissne E,Eric Lissner,Los Angeles,"eric lissner',"
Naji S,Steven Naji,Indianapolis,"steve mogielski',"
Carneg H,Husayn Carnegie,Los Angeles,"husayn carnegie',"
Cohen G,Greg Cohen,San Jose,"greg cohen',"
Larocque,Chris LaRocque,Jacksonville,"chris larocque',"
Armitage,Steve Armitage,Toronto,"steve armitage',"
S Rich,Scott Richgels,Madison,"scott richgels',"
David B,David Berg,DC,"david berg',"
Purdy T,Trevor Purdy,San Diego,"trevor purdy',"
Bellin D,Dan Bellinger,Los Angeles,"dan bellinger',"
Higgin S,Simon Higgins,San Jose,"simon higgins',"
Plew K,Keenan Plew,Indianapolis,"keenan plew',"
North K,Keegan North,Cincinnati,"keegan north',"
Kinley T,Tyler Kinley,Seattle,"tyler kinley',"
Gardne M,Mason Gardner,Charlotte,"mason gardner',"
JanssenD,David Janssen,Ottawa,"david janssen',"
Rehder M,Matt Rehder,Seattle,"matt rehder',"
Jarnai B,Jarnail Bajwa,DC,"jarnail bajwa',"
B. Moore,BRIAN MOORE,Atlanta,"brian moore',"
Hood M,Micah Hood,Charlotte,"micah hood',"
Wu C,Casey Wu,San Diego,"casey wu',"
Barnha A,Andy Barnhart,Nashville,"andy barnhart',"
Lloyd M.,Mark Lloyd,Toronto,"mark lloyd',"
T Debyl,Tim Debyl,Madison,"tim debyl',"
Thorne A,Alex Thorne,Pittsburgh,"alex thorne',"
Bolton J,Jesse Bolton,Minnesota,"jesse bolton',"
Matt S,Matt Smith,Atlanta,"matt smith',"
Misleh G,Gus Misleh,Cincinnati,"gus misleh',"
AlexandD,Derek Alexander,Ottawa,"derek alexander',"
Norden J,Justin Norden,San Jose,"justin norden',"
Anthon M,Anthony Mclean,DC,"anthony mclean',"
P Shriwi,Pat Shriwise,Madison,"pat shriwise',"
Jordan M,Michael Jordan,Minnesota,"michael jordan',"
Masek Ke,Isaiah Masek Kelly,Toronto,"isaiah masek kelly',"
Colicc C,CJ Colicchio,Raleigh,"cj colicchio',"
J Clark,JAY CLARK,Atlanta,"jay clark',"
Milard S,Steven Milardovich,San Diego,"steven milardovich',"
Alex J,AJ Jacoski,DC,"aj jacoski',"
Sanche M,Marcelo Sanchez,San Jose,"marcelo sanchez',"
Allen J,Justin Allen,Raleigh,"justin allen',"
Cecil J,John Cecil,Indianapolis,"john cecil',"
Janin E,Eli Janin,San Francisco,"eli janin',"
Andrew A,Andrew Allen,DC,"andrew allen',"
Wolle C,Carlos Wolle,Minnesota,"carlos wolle',"
Wu D,Darren Wu,Vancouver,"darren wu',"
Guerre X,Xtian Guerrero,San Jose,"xtian guerrero',"
Moore J,Josh Moore,Nashville,"josh moore',"
Gibson K,Kurt Gibson,San Diego,"kurt gibson',"
Poulos,Stephen Poulos,Jacksonville,"stephen poulos',"
Lindquis,Jeff Lindquist,Toronto,"jeff lindquist',"
Jessi J,Jessi Jones,Raleigh,"jessi jones',"
AntoineG,Antoine Genest,Montreal,"antoine genest',"
Goodma J,Justin Goodman,San Diego,"justin goodman',"
Joye A,Ashlin Joye,San Jose,"ashlin joye',"
Naruo D,Daniel Naruo,San Francisco,"daniel naruo',"
Marsh J,Jack Marsh,New York,"jack marsh',"
Tarasi D,Dennis Tarasi,Raleigh,"dennis tarasi',"
Smith K,Kevin Smith,San Jose,"kevin smith',"
Brodie,Brodie Smith   ,Chicago,"brodie smith ',"
Fox E,Ed Fox,Charlotte,"ed fox',"
Rankin Z,Zane Rankin,Seattle,"zane rankin',"
Jeffer I,Isaac Jeffries,Cincinnati,"isaac jeffries',"
Freystae,Mischa Freystaetter,Jacksonville,"mischa freystaetter',"
Wetzel N,Nick Wetzel   ,Cincinnati,"nick wetzel ',"
Underh K,Kevin Underhill,Vancouver,"kevin underhill',"
AJ,AJ Nelson   ,Chicago,"aj nelson ',"
GregM,Greg Moore,Montreal,"greg moore',"
Robert A,Aaron Roberts,Philadelphia,"aaron roberts',"
Van Ar K,Kelly Van Arsdale,San Jose,"kelly van arsdale',"
Ward R,Ross Ward,New York,"ross ward',"
DeGiro T,Tyler DeGirolamo,Pittsburgh,"tyler degirolamo',"
Bode M,Matt Bode,Jacksonville,"matt bode',"
Porter K,Ken Porter,Charlotte,"ken porter',"
RSimmons,RYAN SIMMONS,Atlanta,"ryan simmons',"
McCall S,Sean McCall,Charlotte,"sean mccall',"
Zaccar S,Sonny Zaccaro,San Jose,"sonny zaccaro',"
Clark D,Donnie Clark,Seattle,"donnie clark',"
Mack Ed,Eddie Mack,Cincinnati,"eddie mack',"
Matzuka,Brett Matzuka  ,Chicago,"brett matzuka ',"
Schrin S,Scott Schriner,Cincinnati,scott schriner']