site_name,full_name,team
A Drews,Adam Drews,Madison
A Mesh,Andrew Meshnick,Madison
S Meyer,Seth Meyer,Madison
P Shriwi,Pat Shriwise,Madison
J Froude,Jay Froude ,Madison
B Ever,Bill Everhart,Madison
Animal,Tom Annen,Madison
B Keren,Benjy Keren,Madison
Jdub,Joshua Wilson ,Madison
D Schlei,David Schleicher,Madison
A Brown,Andrew Brown,Madison
S Rich,Scott Richgels,Madison
B Hart,Brian Hart,Madison
M Weber,Matt Weber,Madison
C Wilen,Chris Wilen ,Madison
K Garner,Keith Garner,Madison
Buddy,David Meinecke ,Madison
D Wise,Dave Wiseman,Madison
Dirty,Dan Rowan ,Madison
P Graffy,Peter Graffy,Madison
M Swain,Mike Swain,Madison
N Thib,Nate Thibedeau,Madison
C Camp,Colin Camp ,Madison
J Spiro,Jacob Spiro,Madison
B Taitt,Brandon Tait,Madison
J Sculli,Jadon Scullion,Madison
Cooli,Thomas Coolidge,Madison
K Alex,Kelsen Alexander,Madison
B Nelson,Ben Nelson,Madison
T Debyl,Tim Debyl,Madison
KPS,Kevin Pettit-Scantling,Madison
N Volk,Nate Volkman,Madison
K Brown,Kevin Brown,Madison
Dustin Rooffener,Dustin Rooffener,Minnesota
Cole Jensen,Cole Jensen,Minnesota
Liam Shramko,Liam Shramko,Minnesota
Pat Niles,Pat Niles,Minnesota
Ben Jagt,Ben Jagt,Minnesota
Jon Kramer,Jon Kramer,Minnesota
Rasmussen Ethan,Ethan Rasmussen,Minnesota
Zac Merie,Zac Merie,Minnesota
David Shirley,David Shirley ,Minnesota
Gregory Arenson,Greg Arenson,Minnesota
Jay Drescher,Jay Drescher,Minnesota
Rob Johnson,Rob Johnson,Minnesota
Sean Newlin,Sean Newlin,Minnesota
Jacob Lien,Jacob Lien,Minnesota
Austin Lien,Austin Lien,Minnesota
David Wenzel,David Wenzel,Minnesota
Brian Schoenrock,Brian Schoenrock,Minnesota
Michael Jordan,Michael Jordan,Minnesota
Pete Carr,Pete Carr,Minnesota
Neal Hanke,Neal Hanke,Minnesota
Jesse Bolton,Jesse Bolton,Minnesota
Dan Hunt,Dan Hunt,Minnesota
Mike Petersen,Mike Petersen,Minnesota
Caball L,Luis Caballero,Minnesota
Tristan Grovender,Tristan Grovender,Minnesota
Abramo L,Abramo L,Minnesota
Heid N,Nick Heid,Minnesota
Brett Sullivan,Brett Sullivan,Minnesota
Tony Poletto,Tony Poletto,Minnesota
Collom D,Danny Collom,Minnesota
Nihal Bhakta,Nihal Bhakta,Minnesota
James Kittlesen,Jimmy Kittlesen,Minnesota
John Groess,John Groess,Minnesota
Peter Schmitt,Peter Schmitt,Minnesota
Brandon Matis,Brandon Matis,Minnesota
A-K Ian,Ian Andre-Knudsen,Minnesota
Ethan Levine,Ethan Levine,Minnesota
Josef Van Kan,Josef Van Kan,Minnesota
Carlos Wolle,Carlos Wolle,Minnesota
Austin Lee,Austin Lee,Minnesota
Patrick Cashman,Patrick Cashman,Minnesota
Sam Reis,Sam Reis,Minnesota
Samuel Reis,Sam Reis,Minnesota
Charlie Schuweiler,Charlie Schuweiler,Minnesota
Cashma P,Cashma P,Minnesota
Kiyoi M,Michael Kiyoi,Los Angeles
Oettin D,Dan Oettinger,Los Angeles
Forbes J,Joe Forbes,Los Angeles
Bellin D,Dan Bellinger,Los Angeles
Johns C,Cody Johns,Los Angeles
Melo E,Ed Melo,Los Angeles
Elboge M,Mark Elbogen,Los Angeles
Carneg H,Husayn Carnegie,Los Angeles
McDoug S,Sean McDougall,Los Angeles
Chiles I,Ian Chiles,Los Angeles
Nguyen B,Bryan Nguyen,Los Angeles
Steine M,Mitchell Steiner,Los Angeles
Corbet H,Hunter Corbett,Los Angeles
Silver J,Jeff Silverman,Los Angeles
Warden N,Nate Warden,Los Angeles
Schakn Z,Zach Schakner,Los Angeles
Pebley A,Andrew Pebley,Los Angeles
Chang S,Steven Chang,Los Angeles
Evans S,Simon Evans,Los Angeles
Baumer J,Jacob Baumer,Los Angeles
Lissne E,Eric Lissner,Los Angeles
Bacon T,Tyler Bacon,Los Angeles
Carlis S,Stephane Carslisle,Los Angeles
Lai A,Allen Lai,Los Angeles
Smeltzer,Daniel Smeltzer,Los Angeles
Boyd G,Grant Boyd,Los Angeles
Theodo Z,Theodo Z,Los Angeles
Alexan N,Alexan N,Los Angeles
Husak G,Husak G,Los Angeles
McCrae A,McCrae A,Los Angeles
Kyle Cox,Kyle Cox,Indianapolis
Toine A,An Toine,Indianapolis
Ventur B,Brian Ventura,Indianapolis
Vander B,Blake Vanderbush- IR,Indianapolis
Plew K,Keenan Plew,Indianapolis
Brock C,Cam Brock,Indianapolis
David Valentine-Elam,David Valentine-Elam,Indianapolis
Joey Cari,Joey Cari,Indianapolis
Dane Lockhart,Dane Lockhart,Indianapolis
Jared Payne,Jared Payne,Indianapolis
Luke Broderick,Luke Broderick,Indianapolis
Naji S,Steven Naji,Indianapolis
Yoder J,Jason Yoder,Indianapolis
Levi Jacobs,Levi Jacobs,Indianapolis
Ben Gerroll,Ben Gerroll,Indianapolis
Hutton A,Alex Hutton,Indianapolis
Steve Hightshue,Steve Hightshue,Indianapolis
Will Drumwright,Will Drumwright,Indianapolis
Cheek J,Jason Cheek,Indianapolis
Gross R,Rick Gross,Indianapolis
Hutton N,Nick Hutton,Indianapolis
Peter Carleton,Peter Carleton,Indianapolis
Carpen T,Travis Carpenter,Indianapolis
Eric Johnson,Eric Johnson,Indianapolis
Loscar S,Spencer Loscar,Indianapolis
Robert Stasi,Robert Stasi,Indianapolis
Dan Butler,Dan Butler,Indianapolis
Donovan Triplett,Donovan Triplett,Indianapolis
Page N,Nate Page,Indianapolis
Cecil J,John Cecil,Indianapolis
Young L,Young L,Indianapolis
Aaron Schwartz,Aaron Schwartz,Indianapolis
Ames M,Ames M,Indianapolis
Steine C,Steine C,Indianapolis
Ringwo C,Ringwo C,Indianapolis
Hans Rasmussen,Hans Rasmussen,Indianapolis
Zach Maynard,Zach Maynard,Indianapolis
Hights S,Hights S,Indianapolis
Jarvis R,Jarvis R,Indianapolis
Dehnbo M,Dehnbo M,Indianapolis
Todd Hershberger,Todd Hershberger,Detroit
Bryan Bush,Bryan Bush,Detroit
Andrew Lucarotti,Andrew Lucarotti,Detroit
Danny Hunt,Danny Hunt,Detroit
Aaron Del Real,Aaron Del Real,Detroit
Chris Auman,Chris Auman,Detroit
Alex Hunt,Alex Hunt,Detroit
Ben Murphy,Ben Murphy,Detroit
Alex Gilson,Alex Gilson,Detroit
Kevin Coulter,Kevin Coulter,Detroit
Marc Soldini,Marc Soldini,Detroit
Wasdi Grimaldo Barrero,Wasdi Grimaldo Barrero,Detroit
Jared Saltsman,Jared Saltsman,Detroit
Patrick Krantz,Patrick Krantz,Detroit
Mark Sandberg,Mark Sandberg,Detroit
Matthew Perdulla,Matthew Perdulla,Detroit
Souichi Terada,Souichi Terada,Detroit
Channing Watson,Channing Watson,Detroit
Gerald Chizmadia,Gerald Chizmadia,Detroit
Scott Sottosanti,Scott Sottosanti,Detroit
Eric Hubbard,Eric Hubbard,Detroit
Joseph Besser,Joseph Besser,Detroit
Brian Jager,Brian Jager,Detroit
Kirk Kuespert,Kirk Kuespert,Detroit
Dafeng Chen,Dafeng Chen,Detroit
Takashi Sato,Takashi Sato,Detroit
Beards E,Ethan Beardsley,Pittsburgh
Brenen C,Chris Brenenborg,Pittsburgh
DeAmic J,Jon DeAmicis,Pittsburgh
DeGiro T,Tyler DeGirolamo,Pittsburgh
Delgad F,Felipe Delgado,Pittsburgh
Dulabo R,Rob Dulabon,Pittsburgh
Earles P,Patrick Earles,Pittsburgh
Fedore M,Mark Fedorenko,Pittsburgh
Greeno J,James Greeno,Pittsburgh
Haser N,Nick Haser,Pittsburgh
Kaczma N,Nick Kaczmarek,Pittsburgh
Mast J,Jonathan Mast,Pittsburgh
Mogiel S,Steve Mogielski,Pittsburgh
Pannon M,Mike Pannone,Pittsburgh
RaniiD M,Marcus Ranii-Dropcho,Pittsburgh
Repper A,Anson Reppermund,Pittsburgh
Saul I,Isaac Saul,Pittsburgh
Schure S,Sam Schurer,Pittsburgh
Sheppa M,Max Sheppard,Pittsburgh
Thomas B,Brandon Thomas,Pittsburgh
Thorne A,Alex Thorne,Pittsburgh
Trimbl S,Scott Trimble,Pittsburgh
VanNes M,Michael Van Ness,Pittsburgh
Vatz D,David Vatz,Pittsburgh
Watson A,Aaron Watson,Pittsburgh
Wissel T,Tad Wissel,Pittsburgh
Hritz M,Hritz M,Pittsburgh
"Thorn, M","Thorn, M",Pittsburgh
Shultz D,Shultz D,Pittsburgh
Thorne M,Thorne M,Pittsburgh
Zarobi E,Zarobi E,Pittsburgh
Bechis D,Bechis D,Pittsburgh
Slevin J,Slevin J,Pittsburgh
Pitts C,Pitts C,Pittsburgh
Matt Auletta,Matt Auletta,New York
Joe Babbino,Joe Babbino,New York
Matt Baum,Matt Baum,New York
Eliot Bemis,Eliot Bemis,New York
Taylor Brooks,Taylor Brooks,New York
Isaiah Bryant,Isaiah Bryant,New York
Gary Dixon,Gary Dixon,New York
Mike Drost,Mike Drost,New York
Ryan Drost,Ryan Drost,New York
Timmer Farrell,Timmer Farrell,New York
Ben Ivers,Ben Ivers,New York
Billy Katz,Billy Katz,New York
Matt LeMar,Matt LeMar,New York
Jack Marsh,Jack Marsh,New York
Brian McLaughlin,Brian McLaughlin,New York
Kamil Skwarek,Kamil Skwarek,New York
Zach Smith,Zack Smith,New York
Matt Stevens,Matt Stevens,New York
Sam Taylor,Sam Taylor,New York
Ross Ward,Ross Ward,New York
Matt Weiner,Matt Wiener,New York
Andrew Wilkes,Andrew Wilkes,New York
Lionel Wininger,Lionel Wininger,New York
Ruo Ye,Ruo Ye,New York
Ignacio Yz,Ignacio Yz,New York
Snyder M,Snyder M,New York
Joe Ouellette,Joe Ouellette,New York
Flint J,Flint J,New York
Ludwig K,Ludwig K,New York
Brendan Awerbuch,Brendan Awerbuch,New York
Ian Guerin,Ian Guerin,New York
CharlesB,Charles Bariteau,Montreal
Yoland C,Yoland Cabot,Montreal
Gus C,Gustavo Castaño,Montreal
J-L C,Jean-Levy Champagne,Montreal
Felix D,Félix-Antoine Daigle,Montreal
Nathan D,Nathan Dandurand,Montreal
AntoineG,Antoine Genest,Montreal
Kevin Gr,Kevin Groulx,Montreal
Kevin Gu,Kévin Guillemette,Montreal
Max G,Max Guy,Montreal
F-X H,François-Xavier Hotte,Montreal
Vince H,Vincent Houle,Montreal
Simon L,Simon-Philippe Lebel,Montreal
AntoineL,Antoine Lepagnol,Montreal
Lepagnol,Antoine Lepagnol,Montreal
Frank M,Francis Martel,Montreal
Chris M,Christian Mathieu,Montreal
Gab M,Gabriel #Monfette,Montreal
Ray N,Raynald Nemours,Montreal
Fred P,Frédérick Parenteau,Montreal
J-P R,Jean-Philippe Riopel,Montreal
Oli S,Olivier St Denis,Montreal
Eric S,Eric St-Amant,Montreal
Shawn S,Shawn St-Jean Timmins,Montreal
Phil T,Philippe Thivierge,Montreal
Nic V,Nicolas Vanasse,Montreal
Arsene A,André Arsenault,Montreal
Ced A. B,Cédric Aubut-Boucher,Montreal
Aubut,Cédric Aubut-Boucher,Montreal
Aubut C,Cédric Aubut-Boucher,Montreal
Thomas Duplaix,Thomas Duplaix,Montreal
Miguel Goderre,Miguel Goderre,Montreal
Hendriks,Charles-David Hendriks,Montreal
Henri Krissian,Henri Krissian,Montreal
Basile Limoges,Basile Limoges,Montreal
Thomas McAlear,Thomas McAlear,Montreal
Moore,Greg Moore,Montreal
GregM,Greg Moore,Montreal
Hugo Paré,Hugo Paré,Montreal
LP,LP,Montreal
Bago,Bago,Montreal
Jones M.,Michael Jones,Toronto
Carroll,Andrew Carroll,Toronto
Bradford,Liam Bradford,Toronto
Yue,Yue,Toronto
Armitage,Steve Armitage,Toronto
Henry T.,Trevor Henry,Toronto
Kotwa T.,Taylor Kotwa,Toronto
Ojo R.,Remi Ojo,Toronto
Martin J,Jonathan Martin,Toronto
Vlahos A,Alex Vlahos,Toronto
Hau J.,Jacky Hau,Toronto
Watanabe,Phil Watanabe ,Toronto
Masek Ke,Isaiah Masek Kelly,Toronto
Vasilyev,Anatoly Vasilyev,Toronto
McKnight,Thomson McKnight,Toronto
Lindquis,Jeff Lindquist,Toronto
Powell G,Geoffrey Powell,Toronto
Watts A.,Andrew Watts,Toronto
Hirst N.,Nathan Hirst,Toronto
Harrison,Gord Harrison ,Toronto
Kubinec,Andy Kubinec,Toronto
Raina,Sachin Raina,Toronto
Mostaghi,Nima Mostaghimi,Toronto
Yearwood,Adrian Yearwood,Toronto
Lloyd M.,Mark Lloyd,Toronto
Harris C,Cameron Harris,Toronto
Meron J,Jaret Meron,Toronto
Mackenzi,Mackenzi,Toronto
Kyle Wolf,Kyle Wolf,Philadelphia
Charles Weinberg,Charles Weinberg,Philadelphia
Brian McAloon,Brian McAloon,Philadelphia
Rob Allan,Rob Allan,Philadelphia
Grant Franke,Grant Franke,Philadelphia
Brian Magerr,Brian Magerr,Philadelphia
Tom Allen,Tom Allen,Philadelphia
Sam Peezick,Sam Peezick,Philadelphia
Ethan Fortin,Ethan Fortin,Philadelphia
Charles Harrity,Charles Harrity,Philadelphia
Nick Patel,Nick Patel,Philadelphia
Jared Seyler,Jared Seyler,Philadelphia
Matt Michelson,Matt Michelson,Philadelphia
Anthony Bushek,Anthony Bushek,Philadelphia
Jake Doyle,Jake Doyle,Philadelphia
Steve Ng,Stephen Ng,Philadelphia
Stephen Rosso,Stephen Rosso,Philadelphia
Casey Startzell,Casey Startzell,Philadelphia
Samuel Esser,Samuel Esser,Philadelphia
Jonathan Holloway,Jonathan Holloway,Philadelphia
Jonathan Palumbo,Jonathan Palumbo,Philadelphia
Alex Lowy,Alex Lowy,Philadelphia
Johnny Sisto,Johnny Sisto,Philadelphia
Elliott Lamborn,Elliott Lamborn,Philadelphia
Ryan Forster,Ryan Forster,Philadelphia
Austin Bonelli,Austin Bonelli,Philadelphia
Sam Morgan,Samuel Morgan,Philadelphia
Ryan Weaver,Ryan Weaver,Philadelphia
Andrew Misthos,Andrew Misthos,Philadelphia
Adam Goldberg,Adam Goldberg,Philadelphia
Eric Lu,Eric Lu,Philadelphia
Zack Eskin,Zack Eskin,Philadelphia
Brian Williams,Brian Williams,Philadelphia
David Hampson,David Hampson,Philadelphia
Sean Mott,Sean Mott,Philadelphia
Ethan Peck,Ethan Peck,Philadelphia
Jimmy O'Connell,Jimmy O'Connell,Philadelphia
Colin Kochenash,Colin Kochenash,Philadelphia
Aaron Roberts,Aaron Roberts,Philadelphia
Eric Nardelli,Eric Nardelli,Philadelphia
Nick Boucher,Nick Boucher,Philadelphia
Jeremy Hill,Jeremy Hill,Philadelphia
Brando,Brando,Philadelphia
Harrison Schwartzer,Harrison Schwarzer,Ottawa
Mathew Berg,Mathew Berg,Ottawa
Jordan McGregor,Jordan McGregor,Ottawa
Kielan Way,Kielan Way,Ottawa
David Janssen,David Janssen,Ottawa
Derek Alexander,Derek Alexander,Ottawa
Ken Alexander,Ken Alexander,Ottawa
Matthew Hogel,Matt Hogel,Ottawa
Andy Corey,Andy Corey,Ottawa
Mike Lee,Mike Lee,Ottawa
Rob Schmidt,Robert Schmidt,Ottawa
Laurent Loiseau,Laurent Loiseau,Ottawa
Mat Goodkey,Mat Goodkey,Ottawa
Leon Forest-Nault,Leon Forest-Nault,Ottawa
Bryce Ring,Bryce Ring,Ottawa
Paul Renaud,Paul Renaud,Ottawa
Colin Froats,Colin Froats,Ottawa
Alec Arsenault,Alec Arsenault,Ottawa
Lance Blackstock,Lance Blackstock,Ottawa
Colin Green,Colin Green,Ottawa
John Haig,John Haig,Ottawa
Andrew Ouchterlony,Andrew Ouchtecheny,Ottawa
Pete Proulx,Pete Proulx,Ottawa
Kinley Gee,Kinley Gee,Ottawa
Dan Turcotte,Dan Turcotte,Ottawa
Karl Loiseau,Karl Loiseau,Ottawa
Nick Boucher,Nick Boucher,Ottawa
Jeremy Hill,Jeremy Hill,Ottawa
Luke Phelan,Luke Phelan,Ottawa
Scott Westwell,Scott Westwell,Ottawa
Schrin S,Scott Schriner,Cincinnati
Kieran Kelly,Kieran Kelly,Cincinnati
Eddie Mack,Eddie Mack,Cincinnati
Cody Fox,Cody Fox,Cincinnati
Tim Settles,Tim Settles,Cincinnati
Corey Hardesty,Corey Hardesty,Cincinnati
Gus Misleh,Gus Misleh,Cincinnati
Kyle Rom,Kyle Romard   ,Cincinnati
Darin Graves,Darin Graves,Cincinnati
Will Huffer,Will Huffer,Cincinnati
Kegan Carroll,Kegan Carroll,Cincinnati
Dan Latz,Dan Latz      ,Cincinnati
Nick Wetzel,Nick Wetzel   ,Cincinnati
Keegan North,Keegan North,Cincinnati
Dinan,Grant Dinan   ,Cincinnati
Greg,Greg Dinan    ,Cincinnati
Justin Latz,Justin Latz,Cincinnati
Eric Brinkman,Eric Brinkman,Cincinnati
Nick Bissonnette,Nicholas Bissonnette,Cincinnati
Stephen Moore,Stephen Moore,Cincinnati
Isaac Jeffries,Isaac Jeffries,Cincinnati
Zach Kaylor,Zach Kaylor,Cincinnati
Ben Jansen,Ben Jansen,Cincinnati
Colin Cartney,Collin McCartney,Cincinnati
Colin Grandon,Colin Grandon,Cincinnati
Sage Ben,Benjamin Sage,Cincinnati
Sage,Benjamin Sage,Cincinnati
Ted Landis,Ted Landis,Cincinnati
Dylan Elder,Dylan Elder,Cincinnati
T Phil,Tom Phillips,Cincinnati
Russo,Russo,Cincinnati
Justin Goodman,Justin Goodman,San Diego
Nick Lance,Nick Lance,San Diego
Steven Milardovich,Steven Milardovich,San Diego
Dominic Leggio,Dom Leggio,San Diego
Ross Lenta,Ross Lenta,San Diego
Ben Clark,Ben Clark,San Diego
Will Griffin,Will Griffin,San Diego
Kyle Olson,Kyle Olson,San Diego
Nathan Bridges,Nathan Bridges,San Diego
Kory Helms,Kory Helms,San Diego
Joshua Ackley,Josh Ackley,San Diego
Cody Kirkland,Cody Kirkland,San Diego
Jimmy Mickle,Jimmy Mickle,San Diego
David Flock,David Flock,San Diego
Casey Wu,Casey Wu,San Diego
Ryan Slaughter,Ryan Slaughter,San Diego
Alec Benton,Alec Benton,San Diego
Andy Sammons,Andy Sammons,San Diego
Andy Curtis,Andy Curtis,San Diego
Josh Nickerson,Josh Nickerson,San Diego
Nicholas Smith,Nick Smith,San Diego
Matt Parisi,Matt Parisi,San Diego
Trevor Purdy,Trevor Purdy,San Diego
Kurt Gibson,Kurt Gibson,San Diego
Travis Dunn,Travis Dunn,San Diego
Jesse Cohen,Jesse Cohen,San Diego
Nicholas Woo VonHoogens,Nick Woo VonHoogenstyn,San Diego
Michael Bevers,Michael Bevers,San Diego
Kevin Stuart,Kevin Stuart,San Diego
Mitchell Dozzi-Daigle,Mitchell Dozzi-Daigle,Vancouver
Josh Tan,Joshua Tan,Vancouver
John Norris,John Norris,Vancouver
Andre Gailits,Andre Gailits,Vancouver
Kevin Lore,Kevin Lore,Vancouver
Nick Menzies,Nick Menzies,Vancouver
Gagan Chatha,Gagan Chatha,Vancouver
Darren Wu,Darren Wu,Vancouver
MeFadyen Connor,Connor McFadyen,Vancouver
Tim Tsang,Tim Tsang,Vancouver
Max Hunter,Max Hunter,Vancouver
Richie Tam,Richie Tam,Vancouver
Fred Lam,Fred Lam,Vancouver
Peter Yu,Peter Yu,Vancouver
Alex Davis,Alex Davis,Vancouver
Ryan Lee,Ryan Lee,Vancouver
Clement Yip,Clement Yip,Vancouver
Myles Sinclair,Myles Sinclair,Vancouver
Malcolm Bryson,Malcolm Bryson,Vancouver
Brian Baker,Brian Baker,Vancouver
Marc Leduc,Mark Leduc,Vancouver
Bellav J,Joel Bellavance,Vancouver
Rumi Tejpar,Rumi Tejpar,Vancouver
Derek Fenton,Derek Fenton,Vancouver
Brett Anderson,Brett Anderson,Vancouver
Kevin Underhill,Kevin Underhill,Vancouver
Edward Guo,Edward Guo,Vancouver
Ryan Sun,Ryan Sun,Vancouver
Kevin Cocks,Kevin Cocks,San Jose
Justin Norden,Justin Norden,San Jose
Simon Higgins,Simon Higgins,San Jose
Matthew Crawford,Matthew Crawford,San Jose
Chuck Cao,Chuck Cao,San Jose
Russell Wynne,Russell Wynne,San Jose
Cassidy Rasmussen,Cassidy Rasmussen,San Jose
Sonny Zaccaro,Sonny Zaccaro,San Jose
Matthew Natali,Matthew Natali,San Jose
Sean Ham,Sean Ham,San Jose
Tyler Grant,Tyler Grant,San Jose
Brett Petersen,Brett Petersen,San Jose
Greg Cohen,Greg Cohen,San Jose
Seth Reinhardt,Seth Reinhardt,San Jose
Marcelo Sanchez,Marcelo Sanchez,San Jose
Ashlin Joye,Ashlin Joye,San Jose
Jordan Marcy,Jordan Marcy,San Jose
Beau Kittredge,Beau Kittredge,San Jose
Kevin Smith,Kevin Smith,San Jose
Kelly Van Arsdale,Kelly Van Arsdale,San Jose
Chris Farina,Chris Farina,San Jose
Scott Roeder,Scott Roeder,San Jose
Ariel Klevecz,Ariel Klevecz,San Jose
Ethan Falat,Ethan Falat,San Jose
Lucas Dillow,Lucas Dillow,San Jose
Matt Jaffe,Matt Jaffe,San Jose
Xtian Guerrero,Xtian Guerrero,San Jose
Christian Johnson,Christian Johnson,San Jose
Adam Brown,Adam Brown,San Jose
Bouche E,Boucher Evan,San Francisco
Boucher,Boucher Evan,San Francisco
Rico Chialvo,Rico Chialvo,San Francisco
Sam C-K,Sam Chatterton-Kirchmeier,San Francisco
Lucas Dallmann,Lucas Dallmann,San Francisco
Brandon Fein,Brandon Fein,San Francisco
Robert Gormley,Robert Gormley,San Francisco
Greenb J,Greenb J,San Francisco
Ben Hubbard,Ben Hubbard,San Francisco
Casey Ikeda,Casey Ikeda,San Francisco
Jordan Jeffery,Jordan Jeffery,San Francisco
Eli Janin,Eli Janin,San Francisco
Eli Kerns,Eli Kerns,San Francisco
Henry Konker,Henry Konker,San Francisco
Kawaok R,Kawaok R,San Francisco
Taylor Lahey,Taylor Lahey,San Francisco
Barrs Lang,Barrs Lang,San Francisco
Patrick Lahey,Patrick Lahey,San Francisco
Greg Marliave,Greg Marliave,San Francisco
Bob Madden,Bob Madden,San Francisco
Clay Miller,Clay Miller,San Francisco
Alex Nord,Alex Nord,San Francisco
Daniel Naruo,Daniel Naruo,San Francisco
Zach Purdy,Zach Purdy,San Francisco
Adam Raty,Adam Raty,San Francisco
Aaron Richards,Aaron Richards,San Francisco
Nick Slovan,Nick Slovan,San Francisco
Alec Surmani,Alec Surmani,San Francisco
Sam Swink,Sam Swink,San Francisco
Kohji Sugioka,Kohji Sugioka,San Francisco
Lucas Young,Lucas Young,San Francisco
Jason Yun,Jason Yun,San Francisco
Zubair Abdulla,Zubair Abdulla,Chicago
Von Alanguilan,Von Alanguilan,Chicago
Alex Drlica-Wagner,Alex Drlica-Wagner,Chicago
Tim Fergus,Tim Fergus ,Chicago
Cullen Geppert,Cullen Geppert ,Chicago
Jonathan Helton,"Jonathan ""Goose"" Helton ",Chicago
Patrick Kaufmann,Patrick Kaufmann   ,Chicago
Adrian King,Adrian King,Chicago
Bob Liu,Bob Liu,Chicago
Brett Matzuka,Brett Matzuka  ,Chicago
Dan Miller,Dan Miller ,Chicago
AJ Nelson,AJ Nelson   ,Chicago
Neil Phelps,Neal Phelps,Chicago
Brian Rathunde,Brian Rathunde ,Chicago
Jimmy Robin,Jimmy Robin,Chicago
Jeff Robinson,Jeff Robinson  ,Chicago
James Roush,James Roush,Chicago
Alex Rummelhart,Alex Rummelhart,Chicago
Andrew Sheehan,Andrew Sheehan ,Chicago
Max Shepard,Max Shepherd   ,Chicago
Jack Shey,Jack Shey  ,Chicago
Brodie Smith,Brodie Smith   ,Chicago
Ryan Smith,Ryan Smith ,Chicago
Matt Stegemann,Matt Stegemann ,Chicago
Josh Stevens-Stein,Josh Stevens-Stein ,Chicago
Dan Vockeroth,Dan Vockeroth  ,Chicago
Rory,Rory,Chicago
Mike Shiel,Mike Shiel,Chicago
Silver,Silver,Chicago
Mike Egan,Mike Egan,Chicago
J Silver,J Silver,Chicago
John Best,John Best,Jacksonville
Matt Bode,Matt Bode,Jacksonville
Jared Brody,Jared Brody,Jacksonville
Bryce Carleton,Bryce Carleton,Jacksonville
Ryan Chard,Ryan Chard,Jacksonville
Andrew Carleton,Andrew Carleton,Jacksonville
Travis Catron,Travis Catron,Jacksonville
Brett Egger,Brett Egger,Jacksonville
Mischa Freystaetter,Mischa Freystaetter,Jacksonville
Zach Floyd,Zach Floyd,Jacksonville
Elijah Grady,Elijah Grady,Jacksonville
Alton Gaines,Alton Gaines,Jacksonville
Lars Hanselman,Lars Hanselman,Jacksonville
Michael Hickson,Michael Hickson,Jacksonville
Nick Hunter,Nick Hunter,Jacksonville
Stephen Ierardi,Stephen Ierardi,Jacksonville
Dan Jakob,Dan Jakob,Jacksonville
Jeremy Langdon,Jeremy Langdon,Jacksonville
Larocque,Chris LaRocque,Jacksonville
Corey McCall,Corey McCall,Jacksonville
McKelvey,Andrew McKelvey,Jacksonville
Mi Bode,Mike Bode,Jacksonville
Brandon Perales,Brandon Perales,Jacksonville
Patterso,Patterso,Jacksonville
Poulos,Stephen Poulos,Jacksonville
Andrew Roca,Andrew Roca,Jacksonville
Bradley Seuntjens,Bradley Seuntjens,Jacksonville
Josh Shepard,Josh Shepard,Jacksonville
Cole Sullivan,Cole Sullivan,Jacksonville
Dustin Travaglini,Dustin Travaglini,Jacksonville
Avery Van Brussel,Avery Van Brussel,Jacksonville
Jeff Walker,Jeff Walker,Jacksonville
Wharton,William Wharton,Jacksonville
David B,David Berg,DC
Troy H,Troy Holland,DC
David BK,David Boylan-Kolchin,DC
Brad S,Brad Scott,DC
Peter M ,Peter Mancini,DC
Ben Feng,Ben Feng,DC
Mark F,Mark Flores,DC
Jarnai B,Jarnail Bajwa,DC
Jim Boley,Jim Boley,DC
Russ H,Russell Howd,DC
Nico Lake,Nico Lake,DC
Glenn P,Glenn Poole,DC
Leo Pepper,Leo Pepper,DC
Mike M,Michael Moses,DC
Matt R ,Matt Radhe,DC
Antoine,Antoine Davis,DC
Bryant D,Bryant Dean,DC
Kyle K,Kyle Khalifa,DC
Clay C,Clay Collins,DC
Zach B,Zach Branson,DC
Andrew A,Andrew Allen,DC
Chip C,Chip Cobb,DC
Anthony Mclean,Anthony Mclean,DC
Alex Jacoski,AJ Jacoski,DC
Franci H,Francisco Hazera,DC
Seth C,Seth Collins,DC
Peter A,Peter Anderson,DC
Jon P,Jon Pressimone,DC
Matt K,Matt Kerrigan,DC
Daniel S,Dan Selwyn,DC
Jack K,JACK KRIEGER,Atlanta
R Runner,ROBERT RUNNER,Atlanta
Matt K.,MATT KNOWLES,Atlanta
Archie,RYAN ARCHIBALD,Atlanta
J Clark,JAY CLARK,Atlanta
B. Liu,BYRON LIU,Atlanta
Kyle S,KYLE STAPLETON,Atlanta
Allan Laviolette,ALLAN LAVIOLETTE,Atlanta
B. Moore,BRIAN MOORE,Atlanta
F Wooten,FRANK WOOTEN,Atlanta
J Feng,JOSH FENG,Atlanta
A Olsen,ANDERS OLSEN,Atlanta
R James,RYAN JAMES,Atlanta
M Spear,MICHAEL SPEAR,Atlanta
M. Poole,MARK POOLE,Atlanta
S Sears,SEAN SEARS,Atlanta
Sun Choi,SUN CHOI,Atlanta
C. Olsen,CHRISTIAN OLSEN,Atlanta
RBradham,ROBERT BRADHAM,Atlanta
Matt S,MATT SMITH,Atlanta
THaskell,TYLER HASKELL,Atlanta
Breault,BEN BREAULT,Atlanta
RSimmons,RYAN SIMMONS,Atlanta
D Cox,DEVIN COX,Atlanta
Sebbi D,SEBBI DI FRANCESCO,Atlanta
B Hannah,BLAKE HANNAH,Atlanta
S. Hicks,STEVEN HICKS,Atlanta
Dylan T,DYLAN TUNNELL,Atlanta
T Spinks,TRENTON SPINKS,Atlanta
TGoforth,TAYLOR GOFORTH,Atlanta
Boezi,Boezi,Atlanta
Matt Gallin,"Matt ""Slater"" Gallin",Nashville
Andy Barnhart,Andy Barnhart,Nashville
Kevin Terry,Kevin Terry,Nashville
Blake Waldron,Blake Waldron,Nashville
Bryan Sansbury,Bryan Sansbury,Nashville
Chase Hammond,Chase Hammond,Nashville
David Trett,David Trett,Nashville
Eric Williams,Eric Williams,Nashville
Frank Strasser,Frank Strasser,Nashville
Jason Chow,Jason Chow,Nashville
Javier Ortiz,Javier Ortiz,Nashville
John Carden,John Carden,Nashville
Jordan Bates,Jordan Bates,Nashville
Josh Moore,Josh Moore,Nashville
Mike Dayton,Mike Dayton,Nashville
Nick Peppers,Nick Peppers,Nashville
Paul Lally,Paul Lally,Nashville
Ross Markle,Ross Markle,Nashville
Tom Radcliffe,Tom Radcliffe,Nashville
Tony Heath,Tony Heath,Nashville
Victor Wu,Victor Wu,Nashville
Tyler Conger,Tyler Conger,Nashville
Tony Cain,Tony Cain,Nashville
Dan Reed,Dan Reed,Nashville
Mac McClellan,Mac McClellan,Nashville
Will Hannon,Will Hannon,Nashville
Jake Wright,Jake Wright,Nashville
Ken Porter,Ken Porter,Charlotte
Mason Gardner,Mason Gardner,Charlotte
Charlie Muniz,Charles Muniz,Charlotte
Ryan Schanz,Ryan Shanz,Charlotte
Sean Kelley,Sean Kelley,Charlotte
Dan Schopler,Daniel Schopler,Charlotte
Dylan Welchman,Dylan Welchman,Charlotte
Sam Lee,Sam Lee,Charlotte
Zach Saffa,Zachary Saffa,Charlotte
Graham Whittington,Graham Whittington,Charlotte
Evan Howey,Evan Howey,Charlotte
Shane Sisco,Shane Sisco,Charlotte
Jeff Nordgren,Jeff Nordgren,Charlotte
Matt Glenn,Matt Glenn,Charlotte
McCall S,Sean McCall,Charlotte
Eric Olson,Eric Olson,Charlotte
Micah Hood,Micah Hood,Charlotte
Adam Russell,Adam Russell,Charlotte
Kyle Silva,Kyle Silva,Charlotte
Andrew Gruninger,Andrew Gruninger,Charlotte
Lieber J,Jesse Lieberman,Charlotte
Jon Stone,Jon Stone,Charlotte
Ed Fox,Ed Fox,Charlotte
Ethan Burns,Ethan Burns,Charlotte
Mick Stukes,Mick Stukes,Charlotte
Adam Bostian,Adam Bostian,Charlotte
Ian Barry,Ian Barry,Charlotte
Chad Gerber,Chad Gerber,Charlotte
Sam Fontaine,Sam Fontaine,Charlotte
Christopher Johnson,Christopher Johnson,Charlotte
Justin Allen,Justin Allen,Raleigh
Mike Moore,Mike Moore,Raleigh
Hastin J,JD Hastings,Raleigh
Roy Matthews,Roy Matthews,Raleigh
Taylor Pope,Taylor Pope,Raleigh
Ben Dieter,Ben Dieter,Raleigh
Nether J,Jon Nethercutt,Raleigh
Terrence Mitchell,Terrence Mitchell,Raleigh
Michael Zhou,Michael Zhou,Raleigh
Jarrett Bowen,Jarrett Bowen,Raleigh
Dennis Tarasi,Dennis Tarasi,Raleigh
Robert Goode,Robert Goode,Raleigh
Andrew Ryan,Andrew Ryan,Raleigh
Taylor H,Hunter Taylor,Raleigh
Michael Neve,Michael Neve,Raleigh
CJ Colicchio,CJ Colicchio,Raleigh
Brian Clark,Brian Clark,Raleigh
Dave Snoke,Dave Snoke,Raleigh
Jake McGoogan,Jake McGoogan,Raleigh
Drew Chandler,Drew Chandler,Raleigh
Joey Cretella,Joey Cretella,Raleigh
Brian Casey,Brian Casey,Raleigh
Jake Coleman,Jake Coleman,Raleigh
Noah Saul,Noah Saul,Raleigh
Sam Cooper,Sam Cooper,Raleigh
Willia J,Jack Williams,Raleigh
Mark Stumpf,Mark Stumpf,Raleigh
Lin M,Mark Lin,Raleigh
Tristan Green,Tristan Green,Raleigh
Jessi J,Jessi Jones,Raleigh
McAlis T,Tim McAllister,Raleigh
Stephen Bender,Stephen Bender,Raleigh
Snell B,Ben Snell,Raleigh
Maxsta X,Xavier Maxstadt,Raleigh
David Richardson,David Richardson,Raleigh
Josh Hartzog,Josh Hartzog,Raleigh
Stephen Poulos,Stephen Poulos,Raleigh
Weeks P,Weeks P,Raleigh
Simon A,Adam Simon,
Lenon A,Aly Lenon,
Fox B,Bryson Uhrig Fox,
Karlin D,Danny Karlinsky,
Clark D,Donnie Clark,
Linn D,Duncan Linn,
Zukows G,Grant Zukowski,
Speide J,Jacob Speidel,
Sefton J,Joe BJ Sefton,
Stacey J ,Jonny Stacey,
Hausma J,Julian Hausman,
O'Brie M,Mario O'Brien,
Rehder M,Matt Rehder,
Cavana M,Mike Cavanaugh,
Cavan M,Mike Cavanaugh,
Hirnin N,Nick Hirning,
Murray P,Phil Murray,
Illian R,Ray Illian,
Koss R,Reid Koss,
Robbie Farwell,Robbie Farwell,
Sam Cook,Sam Cook,
Sam Harkness,Sam Harkness,
Hart S,Sam Hart,
Wallis S,Spencer Wallis,
Steven Benaloh,Steven Benaloh,
Rosatt M,Tom Rosatto,
Kinley T,Tyler Kinley,
Chen W,Will Chen,
Will Herold,Will Herold,
Rankin Z,Zane Rankin,
Titcom V,Titcom V,
TitcombX,TitcombX,
TitcombX,Titcomb,
Chen D,Chen D,
Caldwell,Caldwell M ,
Barich F,Barich F,
Lehman S,Lehman S,
Lim J,Lim,
Russel M,Russel M,
Uhrig F B,Uhrig F B,
Weiss L,Weiss L,